PRAGMA foreign_keys=OFF;
BEGIN TRANSACTION;
CREATE TABLE IF NOT EXISTS "django_migrations" ("id" integer NOT NULL PRIMARY KEY AUTOINCREMENT, "app" varchar(255) NOT NULL, "name" varchar(255) NOT NULL, "applied" datetime NOT NULL);
INSERT INTO django_migrations VALUES(1,'contenttypes','0001_initial','2022-04-19 03:34:38.538835');
INSERT INTO django_migrations VALUES(2,'auth','0001_initial','2022-04-19 03:34:38.563381');
INSERT INTO django_migrations VALUES(3,'admin','0001_initial','2022-04-19 03:34:38.588907');
INSERT INTO django_migrations VALUES(4,'admin','0002_logentry_remove_auto_add','2022-04-19 03:34:38.606475');
INSERT INTO django_migrations VALUES(5,'admin','0003_logentry_add_action_flag_choices','2022-04-19 03:34:38.624568');
INSERT INTO django_migrations VALUES(6,'contenttypes','0002_remove_content_type_name','2022-04-19 03:34:38.649456');
INSERT INTO django_migrations VALUES(7,'auth','0002_alter_permission_name_max_length','2022-04-19 03:34:38.666868');
INSERT INTO django_migrations VALUES(8,'auth','0003_alter_user_email_max_length','2022-04-19 03:34:38.683307');
INSERT INTO django_migrations VALUES(9,'auth','0004_alter_user_username_opts','2022-04-19 03:34:38.695522');
INSERT INTO django_migrations VALUES(10,'auth','0005_alter_user_last_login_null','2022-04-19 03:34:38.711524');
INSERT INTO django_migrations VALUES(11,'auth','0006_require_contenttypes_0002','2022-04-19 03:34:38.718504');
INSERT INTO django_migrations VALUES(12,'auth','0007_alter_validators_add_error_messages','2022-04-19 03:34:38.738288');
INSERT INTO django_migrations VALUES(13,'auth','0008_alter_user_username_max_length','2022-04-19 03:34:38.765035');
INSERT INTO django_migrations VALUES(14,'auth','0009_alter_user_last_name_max_length','2022-04-19 03:34:38.781021');
INSERT INTO django_migrations VALUES(15,'auth','0010_alter_group_name_max_length','2022-04-19 03:34:38.797253');
INSERT INTO django_migrations VALUES(16,'auth','0011_update_proxy_permissions','2022-04-19 03:34:38.813181');
INSERT INTO django_migrations VALUES(17,'auth','0012_alter_user_first_name_max_length','2022-04-19 03:34:38.836885');
INSERT INTO django_migrations VALUES(18,'core','0001_initial','2022-04-19 03:34:38.872532');
INSERT INTO django_migrations VALUES(19,'sessions','0001_initial','2022-04-19 03:34:38.894028');
INSERT INTO django_migrations VALUES(20,'default','0001_initial','2022-04-19 03:34:38.931372');
INSERT INTO django_migrations VALUES(21,'social_auth','0001_initial','2022-04-19 03:34:38.937525');
INSERT INTO django_migrations VALUES(22,'default','0002_add_related_name','2022-04-19 03:34:38.965763');
INSERT INTO django_migrations VALUES(23,'social_auth','0002_add_related_name','2022-04-19 03:34:38.967699');
INSERT INTO django_migrations VALUES(24,'default','0003_alter_email_max_length','2022-04-19 03:34:38.981270');
INSERT INTO django_migrations VALUES(25,'social_auth','0003_alter_email_max_length','2022-04-19 03:34:38.982270');
INSERT INTO django_migrations VALUES(26,'default','0004_auto_20160423_0400','2022-04-19 03:34:39.003965');
INSERT INTO django_migrations VALUES(27,'social_auth','0004_auto_20160423_0400','2022-04-19 03:34:39.003965');
INSERT INTO django_migrations VALUES(28,'social_auth','0005_auto_20160727_2333','2022-04-19 03:34:39.016188');
INSERT INTO django_migrations VALUES(29,'social_django','0006_partial','2022-04-19 03:34:39.044210');
INSERT INTO django_migrations VALUES(30,'social_django','0007_code_timestamp','2022-04-19 03:34:39.056402');
INSERT INTO django_migrations VALUES(31,'social_django','0008_partial_timestamp','2022-04-19 03:34:39.070174');
INSERT INTO django_migrations VALUES(32,'social_django','0009_auto_20191118_0520','2022-04-19 03:34:39.101302');
INSERT INTO django_migrations VALUES(33,'social_django','0010_uid_db_index','2022-04-19 03:34:39.137745');
INSERT INTO django_migrations VALUES(34,'users','0001_initial','2022-04-19 03:34:39.155147');
INSERT INTO django_migrations VALUES(35,'social_django','0002_add_related_name','2022-04-19 03:34:39.161322');
INSERT INTO django_migrations VALUES(36,'social_django','0003_alter_email_max_length','2022-04-19 03:34:39.168303');
INSERT INTO django_migrations VALUES(37,'social_django','0005_auto_20160727_2333','2022-04-19 03:34:39.175875');
INSERT INTO django_migrations VALUES(38,'social_django','0001_initial','2022-04-19 03:34:39.180761');
INSERT INTO django_migrations VALUES(39,'social_django','0004_auto_20160423_0400','2022-04-19 03:34:39.187496');
INSERT INTO django_migrations VALUES(40,'users','0002_alter_profile_description','2022-04-19 04:04:00.461717');
INSERT INTO django_migrations VALUES(41,'core','0002_alter_post_liked_by','2022-04-19 04:13:31.863437');
INSERT INTO django_migrations VALUES(42,'core','0003_alter_post_liked_by','2022-04-19 04:13:31.886336');
CREATE TABLE IF NOT EXISTS "auth_group_permissions" ("id" integer NOT NULL PRIMARY KEY AUTOINCREMENT, "group_id" integer NOT NULL REFERENCES "auth_group" ("id") DEFERRABLE INITIALLY DEFERRED, "permission_id" integer NOT NULL REFERENCES "auth_permission" ("id") DEFERRABLE INITIALLY DEFERRED);
CREATE TABLE IF NOT EXISTS "auth_user_groups" ("id" integer NOT NULL PRIMARY KEY AUTOINCREMENT, "user_id" integer NOT NULL REFERENCES "auth_user" ("id") DEFERRABLE INITIALLY DEFERRED, "group_id" integer NOT NULL REFERENCES "auth_group" ("id") DEFERRABLE INITIALLY DEFERRED);
CREATE TABLE IF NOT EXISTS "auth_user_user_permissions" ("id" integer NOT NULL PRIMARY KEY AUTOINCREMENT, "user_id" integer NOT NULL REFERENCES "auth_user" ("id") DEFERRABLE INITIALLY DEFERRED, "permission_id" integer NOT NULL REFERENCES "auth_permission" ("id") DEFERRABLE INITIALLY DEFERRED);
CREATE TABLE IF NOT EXISTS "django_admin_log" ("id" integer NOT NULL PRIMARY KEY AUTOINCREMENT, "action_time" datetime NOT NULL, "object_id" text NULL, "object_repr" varchar(200) NOT NULL, "change_message" text NOT NULL, "content_type_id" integer NULL REFERENCES "django_content_type" ("id") DEFERRABLE INITIALLY DEFERRED, "user_id" integer NOT NULL REFERENCES "auth_user" ("id") DEFERRABLE INITIALLY DEFERRED, "action_flag" smallint unsigned NOT NULL CHECK ("action_flag" >= 0));
INSERT INTO django_admin_log VALUES(1,'2022-04-19 03:39:49.245467','1','admin','[{"added": {"name": "profile", "object": "Profile object (1)"}}]',4,1,2);
INSERT INTO django_admin_log VALUES(2,'2022-04-19 03:41:13.789170','1','Post object (1)','[{"added": {}}]',14,1,1);
INSERT INTO django_admin_log VALUES(3,'2022-04-19 03:42:43.301212','2','Post object (2)','[{"added": {}}]',14,1,1);
INSERT INTO django_admin_log VALUES(4,'2022-04-19 03:43:41.943098','3','Post object (3)','[{"added": {}}]',14,1,1);
INSERT INTO django_admin_log VALUES(5,'2022-04-19 04:13:41.528208','4','Post object (4)','[{"added": {}}]',14,1,1);
CREATE TABLE IF NOT EXISTS "django_content_type" ("id" integer NOT NULL PRIMARY KEY AUTOINCREMENT, "app_label" varchar(100) NOT NULL, "model" varchar(100) NOT NULL);
INSERT INTO django_content_type VALUES(1,'admin','logentry');
INSERT INTO django_content_type VALUES(2,'auth','permission');
INSERT INTO django_content_type VALUES(3,'auth','group');
INSERT INTO django_content_type VALUES(4,'auth','user');
INSERT INTO django_content_type VALUES(5,'contenttypes','contenttype');
INSERT INTO django_content_type VALUES(6,'sessions','session');
INSERT INTO django_content_type VALUES(7,'users','profile');
INSERT INTO django_content_type VALUES(8,'social_django','association');
INSERT INTO django_content_type VALUES(9,'social_django','code');
INSERT INTO django_content_type VALUES(10,'social_django','nonce');
INSERT INTO django_content_type VALUES(11,'social_django','usersocialauth');
INSERT INTO django_content_type VALUES(12,'social_django','partial');
INSERT INTO django_content_type VALUES(13,'core','category');
INSERT INTO django_content_type VALUES(14,'core','post');
INSERT INTO django_content_type VALUES(15,'core','comment');
CREATE TABLE IF NOT EXISTS "auth_permission" ("id" integer NOT NULL PRIMARY KEY AUTOINCREMENT, "content_type_id" integer NOT NULL REFERENCES "django_content_type" ("id") DEFERRABLE INITIALLY DEFERRED, "codename" varchar(100) NOT NULL, "name" varchar(255) NOT NULL);
INSERT INTO auth_permission VALUES(1,1,'add_logentry','Can add log entry');
INSERT INTO auth_permission VALUES(2,1,'change_logentry','Can change log entry');
INSERT INTO auth_permission VALUES(3,1,'delete_logentry','Can delete log entry');
INSERT INTO auth_permission VALUES(4,1,'view_logentry','Can view log entry');
INSERT INTO auth_permission VALUES(5,2,'add_permission','Can add permission');
INSERT INTO auth_permission VALUES(6,2,'change_permission','Can change permission');
INSERT INTO auth_permission VALUES(7,2,'delete_permission','Can delete permission');
INSERT INTO auth_permission VALUES(8,2,'view_permission','Can view permission');
INSERT INTO auth_permission VALUES(9,3,'add_group','Can add group');
INSERT INTO auth_permission VALUES(10,3,'change_group','Can change group');
INSERT INTO auth_permission VALUES(11,3,'delete_group','Can delete group');
INSERT INTO auth_permission VALUES(12,3,'view_group','Can view group');
INSERT INTO auth_permission VALUES(13,4,'add_user','Can add user');
INSERT INTO auth_permission VALUES(14,4,'change_user','Can change user');
INSERT INTO auth_permission VALUES(15,4,'delete_user','Can delete user');
INSERT INTO auth_permission VALUES(16,4,'view_user','Can view user');
INSERT INTO auth_permission VALUES(17,5,'add_contenttype','Can add content type');
INSERT INTO auth_permission VALUES(18,5,'change_contenttype','Can change content type');
INSERT INTO auth_permission VALUES(19,5,'delete_contenttype','Can delete content type');
INSERT INTO auth_permission VALUES(20,5,'view_contenttype','Can view content type');
INSERT INTO auth_permission VALUES(21,6,'add_session','Can add session');
INSERT INTO auth_permission VALUES(22,6,'change_session','Can change session');
INSERT INTO auth_permission VALUES(23,6,'delete_session','Can delete session');
INSERT INTO auth_permission VALUES(24,6,'view_session','Can view session');
INSERT INTO auth_permission VALUES(25,7,'add_profile','Can add profile');
INSERT INTO auth_permission VALUES(26,7,'change_profile','Can change profile');
INSERT INTO auth_permission VALUES(27,7,'delete_profile','Can delete profile');
INSERT INTO auth_permission VALUES(28,7,'view_profile','Can view profile');
INSERT INTO auth_permission VALUES(29,8,'add_association','Can add association');
INSERT INTO auth_permission VALUES(30,8,'change_association','Can change association');
INSERT INTO auth_permission VALUES(31,8,'delete_association','Can delete association');
INSERT INTO auth_permission VALUES(32,8,'view_association','Can view association');
INSERT INTO auth_permission VALUES(33,9,'add_code','Can add code');
INSERT INTO auth_permission VALUES(34,9,'change_code','Can change code');
INSERT INTO auth_permission VALUES(35,9,'delete_code','Can delete code');
INSERT INTO auth_permission VALUES(36,9,'view_code','Can view code');
INSERT INTO auth_permission VALUES(37,10,'add_nonce','Can add nonce');
INSERT INTO auth_permission VALUES(38,10,'change_nonce','Can change nonce');
INSERT INTO auth_permission VALUES(39,10,'delete_nonce','Can delete nonce');
INSERT INTO auth_permission VALUES(40,10,'view_nonce','Can view nonce');
INSERT INTO auth_permission VALUES(41,11,'add_usersocialauth','Can add user social auth');
INSERT INTO auth_permission VALUES(42,11,'change_usersocialauth','Can change user social auth');
INSERT INTO auth_permission VALUES(43,11,'delete_usersocialauth','Can delete user social auth');
INSERT INTO auth_permission VALUES(44,11,'view_usersocialauth','Can view user social auth');
INSERT INTO auth_permission VALUES(45,12,'add_partial','Can add partial');
INSERT INTO auth_permission VALUES(46,12,'change_partial','Can change partial');
INSERT INTO auth_permission VALUES(47,12,'delete_partial','Can delete partial');
INSERT INTO auth_permission VALUES(48,12,'view_partial','Can view partial');
INSERT INTO auth_permission VALUES(49,13,'add_category','Can add category');
INSERT INTO auth_permission VALUES(50,13,'change_category','Can change category');
INSERT INTO auth_permission VALUES(51,13,'delete_category','Can delete category');
INSERT INTO auth_permission VALUES(52,13,'view_category','Can view category');
INSERT INTO auth_permission VALUES(53,14,'add_post','Can add post');
INSERT INTO auth_permission VALUES(54,14,'change_post','Can change post');
INSERT INTO auth_permission VALUES(55,14,'delete_post','Can delete post');
INSERT INTO auth_permission VALUES(56,14,'view_post','Can view post');
INSERT INTO auth_permission VALUES(57,15,'add_comment','Can add comment');
INSERT INTO auth_permission VALUES(58,15,'change_comment','Can change comment');
INSERT INTO auth_permission VALUES(59,15,'delete_comment','Can delete comment');
INSERT INTO auth_permission VALUES(60,15,'view_comment','Can view comment');
CREATE TABLE IF NOT EXISTS "auth_group" ("id" integer NOT NULL PRIMARY KEY AUTOINCREMENT, "name" varchar(150) NOT NULL UNIQUE);
CREATE TABLE IF NOT EXISTS "auth_user" ("id" integer NOT NULL PRIMARY KEY AUTOINCREMENT, "password" varchar(128) NOT NULL, "last_login" datetime NULL, "is_superuser" bool NOT NULL, "username" varchar(150) NOT NULL UNIQUE, "last_name" varchar(150) NOT NULL, "email" varchar(254) NOT NULL, "is_staff" bool NOT NULL, "is_active" bool NOT NULL, "date_joined" datetime NOT NULL, "first_name" varchar(150) NOT NULL);
INSERT INTO auth_user VALUES(1,'pbkdf2_sha256$320000$nCunVRn8YNhOYEtzCMYdUO$0Dy5ZM1uAIufmFNhl0+O7md2mJqmrpEuxjbgFkfGeig=','2022-04-19 04:07:51.203734',1,'admin','','admin@gmail.com',1,1,'2022-04-19 03:38:41','');
INSERT INTO auth_user VALUES(2,'pbkdf2_sha256$320000$B7mcsJ8YzxmcurpMdZIHbp$fSU8rRV5TM+Jrw1TQs5rhkySqhasj3vSnPJGdYO5ixY=','2022-04-19 03:44:16.348353',0,'staff','','staff@gmail.com',0,1,'2022-04-19 03:44:16.143820','');
INSERT INTO auth_user VALUES(3,'pbkdf2_sha256$320000$o9TQqOiQXynQYna8rYxZc5$m4tDkSd3sisncuSrweGDvChqeW/Rjv0Qgs4gI/pwnfQ=','2022-04-19 03:51:37.512145',0,'member2','','member2@gmail.com',0,1,'2022-04-19 03:51:37.307693','');
INSERT INTO auth_user VALUES(4,'pbkdf2_sha256$320000$mZguwlGS6DdMx5IQg0wRYS$zdJC8xHIJzFhJhyzdNvurEXqQ/mJMnOko6R/SmLjeQY=','2022-04-19 03:53:45.542770',0,'member3','','member3@gmail.com',0,1,'2022-04-19 03:53:45.340346','');
INSERT INTO auth_user VALUES(5,'pbkdf2_sha256$320000$i9H6vjUWJBXS7zhTaj1GHT$wRbF9rO2nECIWs80zYvA9nfozGJbQK6o04eM0J2De7A=','2022-04-19 03:57:05.802768',0,'member4','','member4@gmail.com',0,1,'2022-04-19 03:57:05.605261','');
INSERT INTO auth_user VALUES(6,'pbkdf2_sha256$320000$UAd9OlhAnrFUYlHdhXZBwg$Vj/O+K9AvsqMT75mxhALLhb2v9BoiHvmI/jc2QKGybw=','2022-04-19 04:02:45.107759',0,'member1','','member1@gmail.com',0,1,'2022-04-19 04:02:44.903188','');
INSERT INTO auth_user VALUES(7,'pbkdf2_sha256$320000$2K094rELeKkiTawC2CZZCC$kk6aHO1177OaXGYLn5NFi5J6PInfnb8RACRVrKaPTWQ=','2022-04-19 04:51:55.365033',0,'member5','','member5@gmail.com',0,1,'2022-04-19 04:07:08.205694','');
CREATE TABLE IF NOT EXISTS "core_category" ("id" integer NOT NULL PRIMARY KEY AUTOINCREMENT, "name" varchar(50) NOT NULL, "image" varchar(100) NOT NULL);
INSERT INTO core_category VALUES(1,'Category 1','static/category1.png');
INSERT INTO core_category VALUES(2,'Category 2','static/category2.png');
INSERT INTO core_category VALUES(3,'Category 3','static/category3.png');
INSERT INTO core_category VALUES(4,'Category 4','img/category1.png');
CREATE TABLE IF NOT EXISTS "core_post" ("id" integer NOT NULL PRIMARY KEY AUTOINCREMENT, "title" varchar(50) NOT NULL, "content" text NOT NULL, "created_on" datetime NOT NULL, "last_modified" datetime NOT NULL, "author_id" integer NOT NULL REFERENCES "auth_user" ("id") DEFERRABLE INITIALLY DEFERRED);
INSERT INTO core_post VALUES(1,'Lorem ipsum','Lorem ipsum dolor sit amet, consectetur adipiscing elit. Proin sed tempor nulla. Pellentesque consectetur sollicitudin eros, vel interdum eros tempor at. Curabitur sed cursus nisl. Quisque quis diam aliquet nisi congue luctus ultrices et neque. Vestibulum eget odio bibendum, dictum urna sed, consequat eros. Proin at tortor massa. Cras in mauris convallis, viverra mi nec, pulvinar diam. Mauris in dui sit amet metus blandit commodo ac gravida ipsum. Nulla ut erat id metus consectetur semper. Suspendisse aliquet justo non justo aliquet, eu interdum enim rutrum.','2022-04-19 03:41:13.784219','2022-04-19 03:41:13.784219',1);
INSERT INTO core_post VALUES(2,'Donec','Donec auctor faucibus bibendum. Aliquam eu pellentesque tellus. Curabitur pulvinar convallis vulputate. Vivamus sit amet malesuada est. Duis scelerisque tincidunt nisl, pulvinar varius sapien. Donec augue magna, pharetra at bibendum quis, fermentum maximus nunc. Aliquam aliquet scelerisque orci non condimentum. Mauris dictum pretium mattis.','2022-04-19 03:42:43.289808','2022-04-19 03:42:43.289808',1);
INSERT INTO core_post VALUES(3,'Praesent','Praesent ut felis in nisi mattis malesuada. Donec sit amet vulputate elit, a accumsan quam. Etiam vulputate faucibus consectetur. Aenean leo tellus, maximus sed quam nec, tempus luctus lectus. Mauris ac interdum libero. Donec pharetra auctor dolor ut consequat. Donec pretium lacus ut condimentum fermentum. Ut ac leo vel metus aliquet efficitur ac eget nibh. Maecenas id felis sed enim dictum viverra. Curabitur magna justo, varius ut felis non, consequat sodales ante.','2022-04-19 03:43:41.939074','2022-04-19 03:43:41.939074',1);
INSERT INTO core_post VALUES(4,'Curabitur','Curabitur sit amet malesuada dui. Etiam a dui sit amet velit vulputate condimentum id in ex. Aliquam pretium, sapien eget hendrerit fringilla, justo arcu molestie nunc, ac imperdiet leo nulla a purus. Sed euismod orci non lectus tincidunt, sed mollis odio congue. Cras sodales ullamcorper lacus vitae eleifend. Sed in feugiat mauris. Donec quis quam eget est scelerisque feugiat vitae ut nisl. Class aptent taciti sociosqu ad litora torquent per conubia nostra, per inceptos himenaeos. Nulla facilisi. Maecenas nec felis sit amet odio molestie mattis non vel ipsum. Nunc ut augue sed neque condimentum scelerisque eu quis metus. Nullam lacinia mattis nisi, at luctus est faucibus quis. Aenean feugiat quam turpis, vitae hendrerit lacus aliquet vitae.','2022-04-19 04:13:41.524186','2022-04-19 04:13:41.524186',5);
CREATE TABLE IF NOT EXISTS "core_post_categories" ("id" integer NOT NULL PRIMARY KEY AUTOINCREMENT, "post_id" bigint NOT NULL REFERENCES "core_post" ("id") DEFERRABLE INITIALLY DEFERRED, "category_id" bigint NOT NULL REFERENCES "core_category" ("id") DEFERRABLE INITIALLY DEFERRED);
INSERT INTO core_post_categories VALUES(1,1,1);
INSERT INTO core_post_categories VALUES(2,2,2);
INSERT INTO core_post_categories VALUES(3,3,2);
INSERT INTO core_post_categories VALUES(4,3,3);
INSERT INTO core_post_categories VALUES(5,4,3);
CREATE TABLE IF NOT EXISTS "core_comment" ("id" integer NOT NULL PRIMARY KEY AUTOINCREMENT, "user" varchar(50) NOT NULL, "content" text NOT NULL, "created_on" datetime NOT NULL, "last_modified" datetime NOT NULL, "post_id" bigint NOT NULL REFERENCES "core_post" ("id") DEFERRABLE INITIALLY DEFERRED);
CREATE TABLE IF NOT EXISTS "django_session" ("session_key" varchar(40) NOT NULL PRIMARY KEY, "session_data" text NOT NULL, "expire_date" datetime NOT NULL);
INSERT INTO django_session VALUES('z8ehp0fbzvbp144rfv6gxgz9k8r3s96o','.eJxVjMsOwiAQRf-FtSE8ChSX7v0GMjMMUjU0Ke3K-O_apAvd3nPOfYkE21rT1nlJUxZnEcTpd0OgB7cd5Du02yxpbusyodwVedAur3Pm5-Vw_w4q9PqtCdm7EjwbFbUNZUSmGIvSoAwXrVUO42AIsveOrbZFAVjCMDgCzxrF-wPy8DhX:1ngfqF:mZl9pSx7OdSkzh5LiakSTENKIJLBaT_dYvZ_hyrLguo','2022-05-03 04:51:55.374312');
CREATE TABLE IF NOT EXISTS "social_auth_association" ("id" integer NOT NULL PRIMARY KEY AUTOINCREMENT, "server_url" varchar(255) NOT NULL, "handle" varchar(255) NOT NULL, "secret" varchar(255) NOT NULL, "issued" integer NOT NULL, "lifetime" integer NOT NULL, "assoc_type" varchar(64) NOT NULL);
CREATE TABLE IF NOT EXISTS "social_auth_nonce" ("id" integer NOT NULL PRIMARY KEY AUTOINCREMENT, "server_url" varchar(255) NOT NULL, "timestamp" integer NOT NULL, "salt" varchar(65) NOT NULL);
CREATE TABLE IF NOT EXISTS "social_auth_code" ("id" integer NOT NULL PRIMARY KEY AUTOINCREMENT, "email" varchar(254) NOT NULL, "code" varchar(32) NOT NULL, "verified" bool NOT NULL, "timestamp" datetime NOT NULL);
CREATE TABLE IF NOT EXISTS "social_auth_partial" ("id" integer NOT NULL PRIMARY KEY AUTOINCREMENT, "token" varchar(32) NOT NULL, "next_step" smallint unsigned NOT NULL CHECK ("next_step" >= 0), "backend" varchar(32) NOT NULL, "data" text NOT NULL, "timestamp" datetime NOT NULL);
CREATE TABLE IF NOT EXISTS "social_auth_usersocialauth" ("id" integer NOT NULL PRIMARY KEY AUTOINCREMENT, "provider" varchar(32) NOT NULL, "extra_data" text NOT NULL, "user_id" integer NOT NULL REFERENCES "auth_user" ("id") DEFERRABLE INITIALLY DEFERRED, "created" datetime NOT NULL, "modified" datetime NOT NULL, "uid" varchar(255) NOT NULL);
CREATE TABLE IF NOT EXISTS "users_profile" ("id" integer NOT NULL PRIMARY KEY AUTOINCREMENT, "avatar" varchar(100) NOT NULL, "user_id" integer NOT NULL UNIQUE REFERENCES "auth_user" ("id") DEFERRABLE INITIALLY DEFERRED, "description" text NULL);
INSERT INTO users_profile VALUES(1,'media/avatar_default.png/',1,'Admin !!');
INSERT INTO users_profile VALUES(2,'/media/neko.png',7,NULL);
CREATE TABLE IF NOT EXISTS "core_post_liked_by" ("id" integer NOT NULL PRIMARY KEY AUTOINCREMENT, "post_id" bigint NOT NULL REFERENCES "core_post" ("id") DEFERRABLE INITIALLY DEFERRED, "user_id" integer NOT NULL REFERENCES "auth_user" ("id") DEFERRABLE INITIALLY DEFERRED);
INSERT INTO core_post_liked_by VALUES(1,1,1);
INSERT INTO core_post_liked_by VALUES(2,2,1);
INSERT INTO core_post_liked_by VALUES(3,3,1);
INSERT INTO core_post_liked_by VALUES(20,3,7);
DELETE FROM sqlite_sequence;
INSERT INTO sqlite_sequence VALUES('django_migrations',42);
INSERT INTO sqlite_sequence VALUES('django_admin_log',5);
INSERT INTO sqlite_sequence VALUES('django_content_type',15);
INSERT INTO sqlite_sequence VALUES('auth_permission',60);
INSERT INTO sqlite_sequence VALUES('auth_group',0);
INSERT INTO sqlite_sequence VALUES('auth_user',7);
INSERT INTO sqlite_sequence VALUES('social_auth_code',0);
INSERT INTO sqlite_sequence VALUES('social_auth_partial',0);
INSERT INTO sqlite_sequence VALUES('social_auth_usersocialauth',0);
INSERT INTO sqlite_sequence VALUES('core_category',4);
INSERT INTO sqlite_sequence VALUES('core_post',4);
INSERT INTO sqlite_sequence VALUES('core_post_categories',5);
INSERT INTO sqlite_sequence VALUES('users_profile',2);
INSERT INTO sqlite_sequence VALUES('core_post_liked_by',21);
CREATE UNIQUE INDEX "auth_group_permissions_group_id_permission_id_0cd325b0_uniq" ON "auth_group_permissions" ("group_id", "permission_id");
CREATE INDEX "auth_group_permissions_group_id_b120cbf9" ON "auth_group_permissions" ("group_id");
CREATE INDEX "auth_group_permissions_permission_id_84c5c92e" ON "auth_group_permissions" ("permission_id");
CREATE UNIQUE INDEX "auth_user_groups_user_id_group_id_94350c0c_uniq" ON "auth_user_groups" ("user_id", "group_id");
CREATE INDEX "auth_user_groups_user_id_6a12ed8b" ON "auth_user_groups" ("user_id");
CREATE INDEX "auth_user_groups_group_id_97559544" ON "auth_user_groups" ("group_id");
CREATE UNIQUE INDEX "auth_user_user_permissions_user_id_permission_id_14a6b632_uniq" ON "auth_user_user_permissions" ("user_id", "permission_id");
CREATE INDEX "auth_user_user_permissions_user_id_a95ead1b" ON "auth_user_user_permissions" ("user_id");
CREATE INDEX "auth_user_user_permissions_permission_id_1fbb5f2c" ON "auth_user_user_permissions" ("permission_id");
CREATE INDEX "django_admin_log_content_type_id_c4bce8eb" ON "django_admin_log" ("content_type_id");
CREATE INDEX "django_admin_log_user_id_c564eba6" ON "django_admin_log" ("user_id");
CREATE UNIQUE INDEX "django_content_type_app_label_model_76bd3d3b_uniq" ON "django_content_type" ("app_label", "model");
CREATE UNIQUE INDEX "auth_permission_content_type_id_codename_01ab375a_uniq" ON "auth_permission" ("content_type_id", "codename");
CREATE INDEX "auth_permission_content_type_id_2f476e4b" ON "auth_permission" ("content_type_id");
CREATE INDEX "core_post_author_id_083b751e" ON "core_post" ("author_id");
CREATE UNIQUE INDEX "core_post_categories_post_id_category_id_e76473ab_uniq" ON "core_post_categories" ("post_id", "category_id");
CREATE INDEX "core_post_categories_post_id_1cfe2180" ON "core_post_categories" ("post_id");
CREATE INDEX "core_post_categories_category_id_6cf73b78" ON "core_post_categories" ("category_id");
CREATE INDEX "core_comment_post_id_a75a789c" ON "core_comment" ("post_id");
CREATE INDEX "django_session_expire_date_a5c62663" ON "django_session" ("expire_date");
CREATE UNIQUE INDEX "social_auth_nonce_server_url_timestamp_salt_f6284463_uniq" ON "social_auth_nonce" ("server_url", "timestamp", "salt");
CREATE UNIQUE INDEX "social_auth_association_server_url_handle_078befa2_uniq" ON "social_auth_association" ("server_url", "handle");
CREATE UNIQUE INDEX "social_auth_code_email_code_801b2d02_uniq" ON "social_auth_code" ("email", "code");
CREATE INDEX "social_auth_code_code_a2393167" ON "social_auth_code" ("code");
CREATE INDEX "social_auth_code_timestamp_176b341f" ON "social_auth_code" ("timestamp");
CREATE INDEX "social_auth_partial_token_3017fea3" ON "social_auth_partial" ("token");
CREATE INDEX "social_auth_partial_timestamp_50f2119f" ON "social_auth_partial" ("timestamp");
CREATE UNIQUE INDEX "social_auth_usersocialauth_provider_uid_e6b5e668_uniq" ON "social_auth_usersocialauth" ("provider", "uid");
CREATE INDEX "social_auth_usersocialauth_user_id_17d28448" ON "social_auth_usersocialauth" ("user_id");
CREATE INDEX "social_auth_usersocialauth_uid_796e51dc" ON "social_auth_usersocialauth" ("uid");
CREATE UNIQUE INDEX "core_post_liked_by_post_id_user_id_9db2da79_uniq" ON "core_post_liked_by" ("post_id", "user_id");
CREATE INDEX "core_post_liked_by_post_id_ff74f9ae" ON "core_post_liked_by" ("post_id");
CREATE INDEX "core_post_liked_by_user_id_0efbb3e0" ON "core_post_liked_by" ("user_id");
COMMIT;
